{
  "lang":"en",
  "name":"pipeline",
  "version":"0.0.0",
  "spacy_version":">=3.6.1,<3.7.0",
  "description":"",
  "author":"",
  "email":"",
  "url":"",
  "license":"",
  "spacy_git_version":"458bc5f45",
  "vectors":{
    "width":0,
    "vectors":0,
    "keys":0,
    "name":null,
    "mode":"default"
  },
  "labels":{
    "tok2vec":[

    ],
    "ner":[
      "ACHIEVEMENTS",
      "ADDITIONAL INFO",
      "DESIGNATION/ABOUT",
      "EDUCATION",
      "EXPERIENCE",
      "NAME",
      "SKILLS"
    ]
  },
  "pipeline":[
    "tok2vec",
    "ner"
  ],
  "components":[
    "tok2vec",
    "ner"
  ],
  "disabled":[

  ],
  "performance":{
    "ents_f":0.9830508475,
    "ents_p":0.9931506849,
    "ents_r":0.9731543624,
    "ents_per_type":{
      "NAME":{
        "p":1.0,
        "r":1.0,
        "f":1.0
      },
      "DESIGNATION/ABOUT":{
        "p":0.9655172414,
        "r":1.0,
        "f":0.9824561404
      },
      "EXPERIENCE":{
        "p":1.0,
        "r":0.9259259259,
        "f":0.9615384615
      },
      "EDUCATION":{
        "p":1.0,
        "r":1.0,
        "f":1.0
      },
      "SKILLS":{
        "p":1.0,
        "r":1.0,
        "f":1.0
      },
      "ADDITIONAL INFO":{
        "p":1.0,
        "r":1.0,
        "f":1.0
      },
      "ACHIEVEMENTS":{
        "p":1.0,
        "r":1.0,
        "f":1.0
      }
    },
    "tok2vec_loss":45.1610115767,
    "ner_loss":535.7098500866
  }
}